Critical (/d/-Exposure),Critical (Control),Filler,Pseudoword
overload                 ,anarchy,animal,hyporosis
profound             ,review,unhappy,repulf
concerned,serious,consumer,alanco
command,phenomenon,feminine,commuser
overhead                 ,specialize,formula,connecy
correspond,salesman,emotional,assiliple
invalid,memorize,opinion,capisol
lemonade,pessimism,vehicle,afrocave
unprepared,heroism,civilian,veasily
riverside                ,resonance,polaris,esorlous
unparalleled ,unruly,allowance,comisil
household,civil,scenery,fersicuum
pyramid,reappear,horizon,pefensive
alongside,caravan,essential,funshire
coincide                 ,anonymous,usually,invipon
haphazard,harness,cohesive,anafomy
comprehend               ,reasoning,forever,foletion
railroad,safari,careful,casimo
reverend                 ,mercury,philosopher,commiffee
qualified                ,vacuum,enormously,vameness
apprehend,wilfully,emperor,hawvish
likelihood,reconcile,seemingly,sympavy
recommend                ,unlikely,infancy,creror
episode                  ,informal,european,ophanic
marinade,mascara,camera,zanfarin
unemployed,composer,harmony,faserial
emerald,verify,accomplish,anyrow
reserved                 ,exclusion,universal,luvasive
preconceived,premier,american,compoosion
unmarried,awfully,hallucination,sorifon
,,accuracy,uncerfin
,,renaissance,salvary
,,nuclear,vumorous
,,receiver,afome
,,finance,fralivil
,,finally,renesiv
,,company,imanery
,,initially,ronaly
,,listener,cluffly
,,assurance,hoiver
,,arrival,usopia
,,alliance,crovacy
,,luminous,vircular
,,memory,smerio
,,pioneer,simery
,,funeral,hoopiver
,,numerous,merosie
,,partially,cemenery
,,alcohol,finizen
,,clinical,rassipal
,,similar,afacus
,,newspaper,infrish
,,aluminum,occury
,,avenue,neliver
,,hangover,paffenser
,,enemy,neramis
,,symphony,eseven
,,monopoly,smavery
,,amazing,amolish
,,privacy,acrosas
,,,asoral
,,,anaconva
,,,concipher
,,,lipron
,,,falimia
,,,enfline
,,,soloramo
,,,monsero
,,,vommonly
,,,liramis
,,,almerian
,,,sonference
,,,zeneva
,,,memorfis
,,,hamiral
,,,flokira
,,,oserver
,,,asyluff
,,,imifation
,,,feerray
,,,avanar
,,,arrofral
,,,manover
,,,silemma
,,,faulosical
,,,musfular
,,,confipence
,,,veleran
,,,afforney
,,,kismosis
